professor_name;
A  Osaitile;
A  Osaitile;
A  Osaitile;
Aaron  Kozbelt;
Aaron  Kozbelt;
Abi  Awomolo;
Abi  Awomolo;
Alan  Cavaiola;
Alan  Kaminsky;
Albert  Pyzik;
Alexander  McClung;
Alexandre  Avdulov;
Alfredo  Perez-Davila;
Allan R  Baer;
Amin  Ibrahim;
Ananya  Mukherjee Reed;
Andrea  Giampetro-Meyer;
Andrea  Giampetro-Meyer;
Andrea  Giampetro-Meyer;
Andrew  Delamater;
Andrew  Irvine;
Andrew  Lesk;
Andrew  Lesk;
Andrew  Lesk;
Andrzej  Czajkowski;
Andrzej  Czajkowski;
Andy  Terry;
Angelica  Vessella;
Angelica  Vessella;
Angelica  Vessella;
Anita  Girton;
Anita  Girton;
Anne  Ramirez;
Anne  Wall;
Anne L.  Dearing;
Anne L.  Dearing;
Annie  Gilson;
Anthony  James;
Anthony  James;
Anthony  James;
Anthony  James;
Anthony  Roda;
Anton  Armstrong;
Anton  Armstrong;
Anwarul  Haque;
April  Haggard;
Arlan  Schultz;
Arthur  Chapman;
Arthur  Droge;
Ashraf  Shirani;
Ashraf  Shirani;
Aurora  Wallace;
Aurora  Wallace;
B  Jobe Jr.;
B  Trentham;
Barbara  Von Barghahn-Calvetti;
Barbara  Von Barghahn-Calvetti;
Barbara  Von Barghahn-Calvetti;
Barbara  Von Barghahn-Calvetti;
Barry  Cohen;
Barry  Cohen;
Barry  Cohen;
Bennie  Perdue;
Beth  Todd;
Betty  Zacate;
Bingwu  Wang;
Bingwu  Wang;
Bingwu  Wang;
Bingwu  Wang;
Bingwu  Wang;
Blake  Sorem;
Blake  Sorem;
Blake  Sorem;
Blake  Sorem;
Blake  Sorem;
Blake  Sorem;
Bob  Baugher;
Bob  Baugher;
Bob  Baugher;
Bob  Betts;
Bob  Betts;
Bob  Betts;
Bob  Betts;
Bob  Betts;
Bob  Gillies;
Bob  Nelson;
Bob  Young;
Bob  Young;
Bob  Young;
Bob  Young;
Bob  Young;
Bob  Young;
Brad  Hann;
Brandie  Siegfried;
Brett  Tjaden;
Brian  Gold;
Brian  Potter;
Brian  Potter;
Brian  Potter;
Brian  Potter;
Brian  Potter;
Brian  Rose;
Britt  Leatham;
Britt  Leatham;
Britt  Leatham;
Britt  Leatham;
Britt  Leatham;
Britt  Leatham;
Bruce  Arrigo;
Bruce  Hammond;
Bruce  Martin;
Bruce  Martin;
Bruce  Martin;
Bruce  Martin;
Bruce  Martin;
Bruce  Martin;
Bryan  Eldredge;
C  Malden;
Camilo  Rojas;
Camilo  Rojas;
Camilo  Rojas;
Candice  White;
Candice  White;
Carol  Topping;
Carol  Topping;
Carol  Topping;
Carol  Topping;
Carol  Topping;
Carol  Turner;
Carolyn  Perry;
Carroll  Hale;
Carroll  Hale;
Casim  Abbas;
Casim  Abbas;
Catherine  Chen;
Catherine  Chen;
Charisse  Coston;
Charisse  Coston;
Charlene  Dalrymple;
Charles  Green;
Charles  Kelley;
Charles  Kelley;
Charles  Lippy;
Charles  Okeke;
Chris  Boucher;
Chris  Dobson;
Chris  Dobson;
Chris  Dobson;
Chris  Hoyt;
Chris  Hoyt;
Chris  Hoyt;
Christina  Zahajko;
Christine  Jackson;
Christine  Jackson;
Chuck  Fields;
Chuck  Fields;
Cindy  Herbert;
Cindy  Herbert;
Cindy  Herbert;
Cindy  Herbert;
Corinn  Columpar;
Corinn  Columpar;
Corinn  Columpar;
Corinn  Columpar;
Corinn  Columpar;
Craig  Estep;
Craig  Stettner;
Craig  Stettner;
Craig  Stettner;
Craig  Wedderspoon;
Cristina  Iftode;
Cynthia  Maguire;
Cynthia  Schauer;
Cynthia  Schauer;
Cynthia  Schauer;
Cynthia  Schauer;
D  Warner;
D.S.  Cody;
Dana  Baylard;
Daniel  Fonseca;
Daniel  Knudsen;
Daniel  Knudsen;
Daniel  Kurylo;
Daniel  Kurylo;
Daniel  Talham;
Daniel  Talham;
Daniel  Talham;
Daniel  Talham;
Daniel  Talham;
Daniel  Vona;
Daphne  Huntley;
Dave  Kowalka;
David  Breiner;
David  Duhon;
David  Gallaher;
David  Handschuh;
David  Huddle;
David  Hyde;
David  Hyde;
David  Hyde;
David  Hyde;
David  Hyde;
David  Hyde;
David  Hyde;
David  Hyde;
David  Hyde;
David  Hyde;
David  Lank;
David  Martin;
David  McNevin;
David  Perkins;
David  Rayson;
David  Rayson;
David  Rayson;
David  Rayson;
David  Rayson;
David  Rayson;
David  Rayson;
David  Rayson;
Dean  Karras;
Dean  Karras;
Dean  Karras;
Deb  Dunbar;
Deborah  Miller;
Deborah  Pluss;
Deborah  Pluss;
Deidre  Condit;
Deidre  Condit;
Deidre  Condit;
Deirdre  O\' Shea;
Deirdre  O\' Shea;
Deirdre  O\' Shea;
Deirdre  O\' Shea;
Deirdre  O\' Shea;
Deirdre  O\' Shea;
Denine  Dumschat;
Denis  Janz;
Dennis  Dipert;
Dennis  Dipert;
Dennis  Johnston;
Dennis  Richardson;
Desmond  Harding;
Diane  Reid;
Dilek  Sanver-Wang;
Dilek  Sanver-Wang;
Dilek  Sanver-Wang;
Dilek  Sanver-Wang;
Dilek  Sanver-Wang;
Dilek  Sanver-Wang;
Dilek  Sanver-Wang;
Dilek  Sanver-Wang;
Dion  Wiseman;
Donna  Long;
Donna  Long;
Douglas  Johansen;
Doyoung  Lee;
Dr.  Shingle;
Dr.  Shingle;
Dr. William  Neugebauer;
Duo  Zhang;
Dwayne  Rurka;
Ed  Inch;
Edith  Hays;
Edith  Hays;
Edith  Hays;
Edith  Hays;
Edith  Hays;
Effie  Cochran;
Eleanor  Branch;
Elizabeth  Allen;
Elizabeth  Allen;
Elizabeth  Bloch-Smith;
Elizabeth  Borgwardt;
Elizabeth  Borgwardt;
Elizabeth  Borgwardt;
Elizabeth  Spievak;
Elizabeth  Spievak;
Elizabeth  Van Den Berg;
Ellen  Knapp;
Emily  Johnson-Boyd;
Eric  Ruckh;
Eric  Ruckh;
Eric  Winters;
Eugene  Cuevas;
Eugene A.  Berg;
Eugenia  Malitsky;
Eugenia  Malitsky;
Everett  Fox;
Ewa  Duma;
Ewa  Wasilewska;
Faye  Smyle;
Filiz  Dogru;
Filiz  Dogru;
Francis  Catalano;
Francis  Catalano;
Frank  Foster;
Frank  Foster;
Frank  Giarratani;
Frank  Giarratani;
Frank  Giarratani;
Frank  Harvey;
Frank  Harvey;
Frank  Harvey;
Frank  Mitchell;
Frank  Mitchell;
Frank  Mitchell;
Fred  Ream;
Fred  Ream;
Fred  Ream;
Fred  Ream;
Fred  Ream;
Fred  Stewart;
Fred  Williams;
G. Creighton  Frampton;
G. Creighton  Frampton;
Garrison  Sposito;
Gary  Bruce;
Gary  Bruce;
Gary  Toller;
Gay  Sweely;
Gay  Sweely;
Gay  Sweely;
Gay  Sweely;
Gay  Sweely;
Gay  Sweely;
Gay  Sweely;
Gay  Sweely;
Gerald  Ludwig;
Gerald  Ludwig;
Gerald  Ludwig;
Gerald  Ludwig;
Gerald  Ludwig;
Gerald  Ludwig;
Geri  Olson;
Glenna  Vanderhoof;
Greg  Osland;
Greta  Vollmer;
Guy  King;
H  Mann;
Hannah  Ulman;
Harihar  Khanal;
Harry  Meshaw;
Heather  Adams-Blair;
Heather  Albanesi;
Heibatollah  Sami;
HENGAMEH  Hosseini;
Hon  Linda;
Ian  Gellatly;
Ian  Gellatly;
Ian  Kinder;
Ian  Short;
Ian  Spears;
Ian  Spears;
Ian  Spears;
Ian  Spears;
Ian  Spears;
Ian  Spears;
Ian  Spears;
Ian  Spears;
Ian  Wojcik-Andrews;
Ian  Wojcik-Andrews;
Ian  Wojcik-Andrews;
Ian  Wojcik-Andrews;
Ian  Wojcik-Andrews;
Ian  Wojcik-Andrews;
Ida  Slusher;
Ida  Slusher;
Imafidon  Olaye;
Israel  Abramov;
J  Allen;
James  Arvo;
James  Cawley;
James  Chambers;
James  Chambers;
James  Chambers;
James  Chambers;
James  Forsythe;
James  Forsythe;
James  Tompkins;
James  Tompkins;
Jamie  Mills;
Jamie  Mills;
Jan  Tarski;
Jans  Wager;
Jans  Wager;
Jans  Wager;
Jans  Wager;
Jans  Wager;
Jans  Wager;
Jason  Sloan;
Jay  Ko;
Jay  Ko;
Jay  Ko;
Jay  Ko;
Jeff  Kurtz;
Jeff  Kurtz;
Jeff  Lynn;
Jeffrey  Gutliph;
Jeffrey  Gutliph;
Jeffrey  Kent;
Jeffrey  Kent;
Jeffrey  Kent;
Jeffrey  Kent;
Jeffrey  Kent;
Jeffrey  Kent;
Jeffrey  Sawyer;
Jennifer  Austin;
Jennifer  Jossendal;
Jennifer  Jossendal;
Jennifer  Krozier;
Jennifer  Spock;
Jennifer  Spock;
Jennifer  Spock;
Jerry  Jones;
Jerry  Jones;
Jerry  Scripps;
Jerry  Scripps;
Jessie  Yearwood;
Jim  Burns;
Jim  Burns;
Jim  Curtis;
Jim  Lissemore;
Jim  Slowiak;
Jim  Walker;
Jim  Walker;
Joan  Lobo;
Joan  Lobo;
Joann  Chirico;
Joann  Eisberg;
Joann  Eisberg;
Joann  Eisberg;
John  Baer;
John  Baer;
John  Baer;
John  Baker;
John  Baker;
John  Baker;
John  Baker;
John  Burk;
John  Charlesworth;
John  Charlesworth;
John  Corvino;
John  Corvino;
John  Cunningham;
John  Curra;
John  Enomoto;
John  Enomoto;
John  Enomoto;
John  Enomoto;
John  Moliassa;
John  Moliassa;
John  Reed;
John  Reed;
John  Reed;
John  Reed;
John  Reed;
John  Verdi;
John  Weigand;
John  Zenger;
Johnetta  Richards;
Jon  Fisher;
Jon  Fisher;
Jon  Fisher;
Jon  Fisher;
Jon  Fisher;
Jon  Fisher;
Jonathan  Caspi;
Joseph  Sierra;
Joseph  Sierra;
Joseph  Sierra;
Joseph  Sierra;
Joseph  Sierra;
Joseph  Sierra;
Joseph  Sierra;
Juanita  Campos;
Julie  Benavides;
Kaci  Ariza;
Karen  Carr;
Karen  Douglas;
Karen  Douglas;
Karen  Douglas;
Karen  Kaplowitz;
Karlene  Ferrante;
Karlene  Ferrante;
Karlene  Ferrante;
Karthik  Silaipillayarputhur;
Kate  Greene;
Kate  Greene;
Kate  Greene;
Kate  Greene;
Kate  Greene;
Kathleen  Cummins;
Kathleen  McFadden;
Kathleen  McFadden;
Kathleen  Ochshorn;
Kathleen  Ochshorn;
Kathleen  Sinning;
Kathleen  Sinning;
Kathryn  Denning;
Kathy  Haddad;
Kathy  Haddad;
Kathy  Johnson;
Kathy  Moore;
Kathy  Moore;
Kathy  Moore;
Kathy  Stoessl;
Kay  Bishop;
Kayla  Haynie;
Keith  Williams;
Kelli  Carmean;
Kelli  Carmean;
Kelly  Kadera;
Kelly  Kadera;
Kelvin  Jasek-Rysdahl;
Ken  Sumner;
Kenny  Peters;
Kent  Yager;
Kent  Yager;
Kevin  Kourey;
Kevin  Rahimzadeh;
Kevin  Rahimzadeh;
Kevin  Rahimzadeh;
Kevin  Rahimzadeh;
Kevin  Rahimzadeh;
Kevin  Rahimzadeh;
Kevin  Rahimzadeh;
Kim  Finn;
Kim  Fuji;
Kim  Fuji;
Kim  Specht;
Klaas  Kraay;
Klaas  Kraay;
Klara  Gubacs-Collins;
Konrad  Sadkowski;
Konrad  Sadkowski;
Konrad  Sadkowski;
Kristen  Asplin;
Lana  Carnes;
Laura  Colbert;
Laura  Newhart;
Laura  Newhart;
Laura  Orella;
Lauren  Perdue;
Laurie  Iten;
Lee  Grenci;
Leon  Stokesbury;
Leon  Stokesbury;
Leslie  Looney;
Linda  Shelton;
Linda  Shelton;
Linda  Shelton;
Linda  Toth;
Lisa  Mach;
Lisa  Mach;
Lisa  Robson;
Liz  Dameron;
Liz  Dameron;
Lourdes  Espana;
Lourdes  Espana;
Lourdes  Espana;
Lourdes  Espana;
Lynn  Curtright;
Lynn  Curtright;
Malcolm  Potter;
Malcolm  Potter;
Malcolm  Potter;
Malcolm  Potter;
Margaret  Mitchell;
Marguerite  Jackson-Jones;
Marguerite  Jackson-Jones;
Marguerite  Jackson-Jones;
Maria  Fitzpatrick;
Maria  Fitzpatrick;
Maria  Fitzpatrick;
Maria  Fitzpatrick;
Maria  Fitzpatrick;
Marilyn  Knight;
Marjory  Saunders;
Mark  Damen;
Mark  Damen;
Mark  Damen;
Mark  Damen;
Mark  Damen;
Mark  Damen;
Mark  Damen;
Markus  Schneider;
Markus  Schneider;
Markus  Schneider;
Marlene  Tromp;
Martha  Malaty;
Martha  Malaty;
Martha  Malaty;
Martha  McCluskey;
Martin  Bakker;
Martin  Bakker;
Martin  Bakker;
Martin  Bakker;
Martin  Bakker;
Mary  Brown;
Mary  Brown;
Mary  Brown;
Mary  McHugh;
Mary  McHugh;
Mary  Meisenhelter;
Mary  Meisenhelter;
Mary  Phillips;
Mary  Phillips;
Mary  Phillips;
Mary  Phillips;
Mary  Phillips;
Mary  Phillips;
Mary  Phillips;
Mary  Phillips;
Mary  Phillips;
Mary  Shea;
Mathew  Horn;
Mathew  Horn;
Matthew  Burbank;
Matthew  Erdelyi;
Matthew  Erdelyi;
Matthew  Erdelyi;
Max  Smith;
Max  Smith;
Max  Smith;
Max  Smith;
Max  Smith;
Melanie  Grosser;
Melanie  Grosser;
Michael  Arminio;
Michael  Arminio;
Michael  Arminio;
Michael  Ballard;
Michael  Blitz;
Michael  Blitz;
Michael  Chaney;
Michael  Chaney;
Michael  Chaney;
Michael  Chaney;
Michael  Chaney;
Michael  Chaney;
Michael  Kwag;
Michael  Milburn;
Michael  Rooney;
Michael  Rooney;
Michelle  Radcliffe;
Mike  Dinneen;
Mike  Dinneen;
Mike  Dinneen;
Mike  Splane;
Mike  Splane;
Mike  Splane;
Monica  Reimer;
Monica  Reimer;
Muhammad  Sharif;
Muhammad  Sharif;
Muhammad  Sharif;
Muhammad  Sharif;
Muhammad  Sharif;
Muhammad  Sharif;
Muhammad  Sharif;
Muhammad  Sharif;
Murphy;
Nancy  Jones;
Nancy  Jones;
Ned  Barden;
Ned  Barden;
Ned  Barden;
Ned  Barden;
Ned  Barden;
Ned  Barden;
Neil  Heywood;
Neil  Heywood;
Neil  Heywood;
Neil  Heywood;
Neil  Heywood;
Nina-Nash  Robertson;
Nina-Nash  Robertson;
Nina-Nash  Robertson;
Norbert  Bartel;
Norbert  Bartel;
Norbert  Bartel;
Norma  Chase;
Norma  Chase;
Norman  Kinney;
Nyenty  Arrey;
Nyenty  Arrey;
Nyenty  Arrey;
P  Nicoletto;
P  Nicoletto;
Pam  Hood;
Pam  Hood;
Pam  Hood;
Pam  Hood;
Pam  Hood;
Pam  Hood;
Pam  Hood;
Pam  Hood;
Pamela  Cumpton;
Panos  Alexakos;
Pat  Ledbetter;
Pat  Ledbetter;
Pat  Ledbetter;
Pat  Zrolka;
Pat  Zrolka;
Patricia  Yancey;
Patrick Martin  Petkovich;
Paul  Bush;
Paul  Clark;
Paul  Grobstein;
Paul  Kjellberg;
Paul  Pecorino;
Paul  Pecorino;
Paul  Sparks;
Paulette  Swartzfager;
Paulette  Tandy;
Paulette  Tandy;
Peggy  Maher;
Penny  Foster;
Peter  Conti;
Peter  Conti;
Peter  Conti;
Peter  Conti;
Peter  Conti;
Peter  Foreman;
Peter  Geib;
Peter  Geib;
Peter  Kuhlman;
Peter  Pezzolo;
Peter  Pezzolo;
Peter B.  Harris;
Phil  White;
Phil  White;
Philip  Burge;
Philip  Rothschild;
Philip  Rothschild;
Philippe  Bossaers;
Prakash  Panangaden;
Prakash  Panangaden;
Prakash  Panangaden;
Prakash  Panangaden;
Prakash  Panangaden;
Prakash  Panangaden;
Preston  Allen;
Preston  Allen;
Preston  Allen;
Preston  Allen;
Preston  Allen;
R. Gholam  Ghorashi;
R. Gholam  Ghorashi;
R. Gholam  Ghorashi;
R. Gholam  Ghorashi;
Rachel  Edelson;
Rachel  Edelson;
Rachel  Edelson;
Rachel  Edelson;
Rachel  Edelson;
Rachel  Edelson;
Rachel  Edelson;
Radhika  Parameswaran;
Radhika  Parameswaran;
Rajendra  Raj;
Rajendra  Raj;
Raminder  Luther;
Raminder  Luther;
Raminder  Luther;
Ramona  Girdauskas;
Ramona  Girdauskas;
Randall  Warwick;
Randall  Warwick;
Randall  Warwick;
Randall  Warwick;
Randall  Warwick;
Randall  Warwick;
Randall  Warwick;
Randall  Warwick;
Randall  Warwick;
Randall  Warwick;
Randy  Cromwell;
Ray  Bowling;
Raymond  Wolf;
Rex  Abert;
Rex  Abert;
Rex  Abert;
Rex  Abert;
Rhoda  Jost;
Richard  Bodek;
Richard  Bodek;
Richard  Burns;
Richard  Burns;
Richard  Burns;
Richard  Burns;
Richard  Curtis;
Richard  Fallon;
Richard  Gendron;
Richard  O\'Brien;
Rick  Dukes;
Rick  Dukes;
Rick  Olguin;
Ricki  Heller;
Rina  Yarmish;
Rita  Sowell;
Rita  Sowell;
Rob  Wells;
Robert  Bender;
Robert  Burton;
Robert  Burton;
Robert  Eierman;
Robert  Karpinski;
Robert  Karpinski;
Robert  Karpinski;
Robert  Karpinski;
Robert  Karpinski;
Robert  Karpinski;
Robert  Karpinski;
Robert  Karpinski;
Robert  Stecker;
Robert  Stecker;
Robert  Stecker;
Roberta  Reynolds;
Roger  Strong;
Roger  Strong;
Ron  Cameron;
Ronald  Goldsmith;
Ronald  Weber;
Rosanne  Lorden;
Rudi  Hartmann;
Rudi  Hartmann;
Ruthie  Dare-Halma;
Ruthie  Dare-Halma;
Ruthie  Dare-Halma;
Ruthie  Dare-Halma;
Ryan  Meany;
S  Fenton;
S  Fenton;
Sabrina  Berent;
Sam  Kohn;
Sam  Roweis;
Sandra  Brown;
Sandra  Brown;
Sandra  Brown;
Sandra  Brown;
Sandra  Brown;
Sariwan  Tjandra;
Sariwan  Tjandra;
Sariwan  Tjandra;
Satterwhite;
Savage-Dun;
Savage-Dun;
Scott  Bergeson;
Scott  Bergeson;
Scott  Bergeson;
Scott  Bergeson;
Scott  Bergeson;
Scott  Bergeson;
Scott  Bergeson;
Scott  Bergeson;
Scott  Churchill;
Scott  Labarge;
Scott  Labarge;
Scott  Labarge;
Scott  Peters;
Scott  Peters;
Scott  Peters;
Shahinda  Hafeez;
Shahinda  Hafeez;
Shahinda  Hafeez;
Shahinda  Hafeez;
Shahinda  Hafeez;
Shahinda  Hafeez;
Shahinda  Hafeez;
Shane  Bell;
Shane  Bell;
Shannon  Gadbois;
Shannon  Gadbois;
Shannon  Gadbois;
Shannon  Gadbois;
Sharon  Teague;
Sheng  Zhang;
Sheng  Zhang;
Sheng  Zhang;
Sheng  Zhang;
Sherry  Rising;
Sheryl  Gifford;
Sidney E.  Hardyway;
Sidney E.  Hardyway;
Sidney E.  Hardyway;
Skip  Sedivec;
Sonia  Werner;
Soong  Sohng;
Stafford  Rorke;
Stephen  Hupp;
Stephen  Hupp;
Stephen  Timmons;
Stephen  Timmons;
Stephen  Timmons;
Stephen  Timmons;
Steve  Wilson;
Steven  Jones;
Steven  Jones;
Steven  Jones;
Steven  Jones;
Sudeb  Mitra;
Sudeb  Mitra;
Sudeb  Mitra;
Sudeb  Mitra;
Sudeb  Mitra;
Sue  Lape;
Sue  Lape;
Sue  Lape;
Sue  Lape;
Sue  Lape;
Sue  Lape;
Sue  Lape;
Sue  Lape;
Sue  Parker;
Sue  Sipple;
Summer  Carnett;
Susan  Larkin;
Susan  Larkin;
Susan  Lindahl;
Susan  Lindahl;
Susan  Lindahl;
Susan  Lindahl;
Susan  Lindahl;
Susan  Lindahl;
Susan  Lindahl;
Susan  Lindahl;
Susan  Lindahl;
Susan  Lindahl;
Susan  Lindahl;
Susan  Mulcahy;
Susan  Mulcahy;
Susan  Sailors;
Suzanne L.  Cross;
T  Farris;
T.  Moore;
Tabitha  Sparks;
Tangan  Gao;
Tanya  Usyk;
Ted  Tarkow;
Thane  Glenn;
Thomas  Boyle;
Thomas  Cooke;
Thomas  Cooke;
Thomas  Cooke;
Thomas  Cooke;
Thomas  Hu;
Thomas  Hu;
Thomas  Madden;
Thomas  Schnarre;
Thomas  Schnarre;
Thomas  Schnarre;
Thomas  Schnarre;
Thomas  Schnarre;
Thomas  Schnarre;
Thomas  Schnarre;
Tim  Gongaware;
Tim  Gongaware;
Tim  Gongaware;
Tim  Gongaware;
Tim  Gongaware;
Tim  Gongaware;
Tim  Inman;
Tim  Wandling;
Tim  Wandling;
Tim  Wandling;
Timothy  Fox;
Timothy  McCauley;
Timothy L  Brown;
Tina  Laplaca;
Tina  Laplaca;
Todd  Ballantyne;
Todd  Ballantyne;
Todd  Ballantyne;
Todd  Ballantyne;
Todd  Ballantyne;
Todd  Ballantyne;
Tom  Johnson;
Tom  Streeter;
Tomoko  Deguchi;
Tony  Hage;
Tony  Hage;
Tony  Hage;
Tony  Hage;
Tony  Hage;
Tony  Hage;
Tony  Hage;
Tracey  Francese;
Tracy  Morkin McGill;
Tracy  Morkin McGill;
Tracy  Morkin McGill;
Tracy  Morkin McGill;
Travis  Langley;
Travis  Langley;
Travis  Langley;
Trent  Snider;
Trent  Snider;
Trent  Snider;
Trish  Root;
Trish  Root;
Valerie  Allen;
Valerie  Rohy;
Vanessa  Mitchell;
Vida  Praitis;
Vike;
Vincent  Delcastillo;
Vincent  Delcastillo;
Vincent  Ferraro;
Vincent  Ferraro;
Vincent  Ferraro;
Vladimir  Tulovsky;
Vo  Liem;
Walt  Thielen;
Walt  Thielen;
Walt  Thielen;
Wayne  Erickson;
Wayne  Grossman;
Wendy  Ho;
William  Brooks;
William  Brooks;
William  Brooks;
William  Brooks;
William  Brooks;
William  Brooks;
William  Brooks;
William  Brooks;
William  Brooks;
William  Brooks;
William  Farmen;
William  Gordon;
William  Gordon;
William  Gordon;
William  Gordon;
William  Hollinrake;
William  Jenkins;
William  Masten;
William  Masten;
William  Masten;
William  Masten;
William  Masten;
William  Masten;
William  Masten;
Wilma  Saffran;
Y. Peter  Chung;
Y. Peter  Chung;
Ying  Wang;
Younghe  Kim Park;
Younghe  Kim Park;
Younghe  Kim Park;
Younghe  Kim Park;
Younghe  Kim Park;
Younghe  Kim Park;
Andrea  Woody;
Andrew  Delamater;
Andrew  Lesk;
Andrew  Lesk;
Andrew  Lesk;
Andrzej  Czajkowski;
Angelica  Vessella;
Angelica  Vessella;
Anwarul  Haque;
Anwarul  Haque;
Betty  Zacate;
Bill  Peterson;
Blake  Sorem;
Bob  Baugher;
Bob  Young;
Bob  Young;
Brandie  Siegfried;
Brandie  Siegfried;
Brandie  Siegfried;
Brenda  Adams;
Brian  Potter;
Brian  Potter;
Brian  Storey;
Candice  White;
Carole  Myscofski;
Catherine  Chen;
Catherine  Chen;
Catherine  Chen;
Chantal  Maille;
Chantal  Maille;
Charles  Cherry;
Charles  O\'Brien;
Charles  O\'Brien;
Chris  Boucher;
Chris  Dobson;
Chris  Miller;
Chuck  Fields;
Clare  Johnson;
Clark  Midkiff;
Corinn  Columpar;
Corinn  Columpar;
Cynthia  Maguire;
Dan  McCarthy;
Daniel  Knudsen;
Daniel  Talham;
Daniel  Talham;
Danny  Welsch;
Darel  Swenson;
Darwin  Davis;
David  Perkins;
Deirdre  O\' Shea;
Dennis  Crockett;
Dennis  Richardson;
Dennis  Richardson;
Desmond  Harding;
Desmond  Harding;
Diane  Reid;
Dona  Fletcher;
Doyoung  Lee;
Doyoung  Lee;
Dwayne  Rurka;
Edward  Wong;
Edward  Wong;
Eleanor  Branch;
Eleanor  Branch;
Elizabeth  Bloch-Smith;
Elizabeth  Borgwardt;
Elizabeth  Borgwardt;
Elizabeth  Salter;
Elizabeth  Spievak;
Emily  Blanck;
Eric  Winters;
Ewa  Duma;
F  Goosetree;
Filiz  Dogru;
Fred  Simmond;
Gary  Bruce;
George  Williams;
Gerald  Ludwig;
Hal  Blythe;
Harry  Meshaw;
Harry  Meshaw;
Heather  Albanesi;
Hugh  Afshari;
Ian  Spears;
Ian  Spears;
Ian  Spears;
Ian  Wojcik-Andrews;
Ida  Slusher;
Ida  Slusher;
Imafidon  Olaye;
Imafidon  Olaye;
James  Worley;
Jans  Wager;
Jay  Ko;
Jeffery  Zorn;
Jennifer  Spock;
Jerry  Scripps;
Jessica  Hartos;
Jim  Burns;
Jim  Lissemore;
Jim  Walker;
Jim  Whitehead;
Joan  Lobo;
Joann  Chirico;
John  Baer;
John  Baer;
John  Baker;
John  Beneski;
John  Beneski;
John  Burk;
John  Constantino;
John  Gallaher;
John  Reed;
John  Zenger;
Jon  Fisher;
K  McFadden;
Karen  Carr;
Karen  Carr;
Karen  Douglas;
Karen  Douglas;
Karen  Kaplowitz;
Kate  Greene;
Kathleeen  Devanney;
Kathleen  Ochshorn;
Kathleen  Sinning;
Kazim  Ruhi;
Kelly  Kadera;
Kelvin  Jasek-Rysdahl;
Ken  Milner;
Ken  Moynihan;
Ken  Sumner;
Kent  Yager;
Kevin  Hanson;
Klaas  Kraay;
Klaas  Kraay;
Klaas  Kraay;
Klaas  Kraay;
Klaas  Kraay;
Laurie  Ross;
Linda  Shelton;
Linda  Shelton;
Linda  Shelton;
Linda  Shelton;
Linda  Shelton;
Lisa  Robson;
Luoheng  Han;
Marc  Stern;
Margaret  Mitchell;
Maria  Fitzpatrick;
Maria  Fitzpatrick;
Maria  Fitzpatrick;
Maria Beth  Grabe;
Marilyn  Rose;
Marjory  Saunders;
Marjory  Saunders;
Mark  Damen;
Mark  Unno;
Markus  Schneider;
Martin  Bakker;
Mary  Brown;
Mary  Phillips;
Mary  Phillips;
Marybeth  Redmond;
Mathew  Horn;
Mathew  Horn;
Matthew  Neal;
Meghan  Murphy-Lee;
Michael  Ballard;
Michael  Blitz;
Michael  Blitz;
Michael  McGee;
Michael  Milburn;
Muhammad  Sharif;
Muhammad  Sharif;
Ned  Barden;
Ned  Barden;
Norma  Chase;
Norma  Chase;
P  Nicoletto;
Pat  Ledbetter;
Pat  Ledbetter;
Paul  Bush;
Paul  Pecorino;
Paul  Pecorino;
Paul  Pecorino;
Paul  Velleman;
Paul  Velleman;
Paul  Velleman;
Paulette  Tandy;
Paulette  Tandy;
Peter  Conti;
Peter  Conti;
Peter  Conti;
Peter  Kuhlman;
Phil  White;
Philip  Harsha;
Phyllis  Goodman;
Prakash  Panangaden;
Preston  Allen;
Preston  Allen;
Preston  Allen;
R.  Donahoe;
R. Gholam  Ghorashi;
Radhika  Parameswaran;
Ramin  Zabih;
Raminder  Luther;
Raminder  Luther;
Ray  Bowling;
Richard  Bodek;
Richard  Burns;
Richard  Burns;
Richard  Burns;
Richard  Curtis;
Richard  Gendron;
Rob  Wells;
Rob  Wells;
Robert  Burton;
Robert  Karpinski;
Robert  Lecker;
Robert  Stecker;
Robert  Stecker;
Robert  Stecker;
Robert  Werner;
Roberta  Reynolds;
Roberta  Reynolds;
Rudi  Hartmann;
Ryan  William;
Savage-Dun;
Scott  Bergeson;
Scott  Bergeson;
Scott  Bergeson;
Scott  Bergeson;
Scott  Churchill;
Scott  Peters;
Seth  Ovadia;
Shahinda  Hafeez;
Shannon  Gadbois;
Shel  Schwartz;
Sheng  Zhang;
Sherry  Rising;
Soong  Sohng;
Stephen  Timmons;
Stephen  Timmons;
Sudeb  Mitra;
Sue  Davis;
Sue  Sipple;
Susan  Larkin;
Susan  Lindahl;
Susan  Young;
Tabitha  Sparks;
Tabitha  Sparks;
Tangan  Gao;
Teddie  Bonca;
Theodore  Zeman;
Theodore  Zeman;
Thomas  Cooke;
Thomas  Cooke;
Thomas  Cooke;
Thomas  Hirschl;
Thomas  Hirschl;
Thomas  Schnarre;
Thomas  Tiefenwerth;
Todd  Ballantyne;
Todd  Ballantyne;
Tracy  Morkin McGill;
Trish  Root;
Tyler  Spalding;
V  Hunter;
Vicente  Lombrana;
Vida  Praitis;
Vo  Liem;
Walt  Thielen;
Wendy  Ho;
William  Gordon;
William  Gordon;
William  Hollinrake;
William  Masten;
William  Widen;
Wilma  Saffran;
Yasmin  Villvendas;
Aaron  Kozbelt;
Aaron  Kozbelt;
Aimee  Miller;
Alan  Cavaiola;
Alexandre  Avdulov;
Andrea  Woody;
Andrew  Irvine;
Andrew  Lo;
Andrew  Lo;
Andrzej  Czajkowski;
Andrzej  Czajkowski;
Andrzej  Czajkowski;
Andrzej  Czajkowski;
Anne  MacDonald;
Anne  MacDonald;
Anne  Wall;
Anne  Wall;
Anne  Wall;
Anne  Wall;
Annie  Gilson;
Annie  Gilson;
Annie  Gilson;
Annie  Gilson;
Anthony  James;
Anthony  James;
Anwarul  Haque;
Anwarul  Haque;
Arthur  Chapman;
Ashraf  Shirani;
B  Jobe Jr.;
Barry  Cohen;
Barry  Cohen;
Bennie  Perdue;
Bennie  Perdue;
Bennie  Perdue;
Beth  Todd;
Beth  Todd;
Beth  Todd;
Bingwu  Wang;
Blake  Sorem;
Blake  Sorem;
Blake  Sorem;
Blake  Sorem;
Blake  Sorem;
Blake  Sorem;
Blake  Sorem;
Bob  Baugher;
Bob  Baugher;
Bob  Baugher;
Bob  Baugher;
Bob  Baugher;
Bob  Baugher;
Bob  Betts;
Bob  Betts;
Bob  Filson;
Bob  Filson;
Bob  Filson;
Bob  Young;
Bob  Young;
Brandy  Zito;
Brenda  Adams;
Britt  Leatham;
Britt  Leatham;
Bruce  Hammond;
Bruce  Hammond;
Bruce  Martin;
Bruce  Martin;
Bruce  Roter;
C  Malden;
Camilo  Rojas;
Camilo  Rojas;
Carol  Topping;
Carol  Topping;
Carol  Topping;
Carol  Topping;
Carol  Topping;
Carol  Topping;
Carol  Topping;
Carol  Topping;
Carol  Topping;
Carol  Topping;
Carol  Topping;
Charisse  Coston;
Charisse  Coston;
Charisse  Coston;
Charles  Cherry;
Charles  Kelley;
Charles  O\'Brien;
Charles  O\'Brien;
Chris  Dobson;
Chris  Miller;
Christina  Zahajko;
Christopher  Bracken;
Chuck  Fields;
Chuck  Fields;
Cindy  Herbert;
Cindy  Herbert;
Cindy  Herbert;
Cindy  Herbert;
Cindy  Herbert;
Cindy  Herbert;
Clare  Johnson;
Clark  Midkiff;
Clark  Midkiff;
Clark  Midkiff;
Clark  Midkiff;
Corinn  Columpar;
Craig  Stettner;
Craig  Stettner;
Craig  Stettner;
Craig  Stettner;
Craig  Wedderspoon;
Cynthia  Maguire;
Daniel  Fonseca;
Daniel  Kurylo;
Daniel  Reardon;
Daniel  Rodeheaver;
David  Briggs;
David  Hyde;
David  Hyde;
David  Lank;
David  Perkins;
David  Rayson;
David  Rayson;
Deirdre  O\' Shea;
Deirdre  O\' Shea;
Deirdre  O\' Shea;
Derick  Holcomb;
Derick  Holcomb;
Desmond  Hamlet;
Diane  Reid;
Diane  Reid;
Dilek  Sanver-Wang;
Dilek  Sanver-Wang;
Dilek  Sanver-Wang;
Dilek  Sanver-Wang;
Dinora  Cardoso;
Donna  Woolard;
Donna  Woolard;
Donna  Woolard;
Donna  Woolard;
Donna  Woolard;
Dorathea  Halpert;
Doug  Zentz;
Duane  Stock;
Dwayne  Rurka;
E  Lester;
Edward  Wong;
Effie  Cochran;
Eleanor  Branch;
Emily  Blanck;
Eric  Rawdon;
Eric  Winters;
Erica  Abeel;
Ernie  Rice;
Eugene  Cuevas;
Ewa  Duma;
Ewa  Duma;
Ewa  Duma;
Ewa  Duma;
Ewa  Duma;
Ewa  Wasilewska;
Ewa  Wasilewska;
Filiz  Dogru;
Frank  Foster;
Frank  Foster;
Frank  Mitchell;
Frank  Mitchell;
Frank  Mitchell;
Frank  Mitchell;
Frank  Mitchell;
Frank  Mitchell;
Frank  Mitchell;
Frank  Mitchell;
Frank  Tsui;
Fred  Ream;
Fred  Stewart;
Fred  Stewart;
Fred  Stewart;
Fred  Stewart;
Frederick  Amrine;
Frederick  Amrine;
G  Cutler;
Gary  Bruce;
Gay  Sweely;
Gay  Sweely;
Gay  Sweely;
Gay  Sweely;
Gerald  Ludwig;
Gerald  Ludwig;
Geri  Olson;
Gerry  McKeon;
Glenda  Williams;
H  Mann;
H  Mann;
H  Mann;
H  Mann;
Heather  Albanesi;
Henry  Schreiber;
Hilary  Seagle;
Ian  Kinder;
Ian  McMahan;
Ian  Spears;
Ian  Wojcik-Andrews;
Ian  Wojcik-Andrews;
Ian  Wojcik-Andrews;
Ian  Wojcik-Andrews;
Ida  Slusher;
Itzhak  Kerstein;
J  Gains;
Jacoba  Koene;
James  Allard;
James  Forsythe;
James  Muckell;
James  Tompkins;
Jason  Sloan;
Jay  Ko;
Jay  Ko;
Jeffrey  Gutliph;
Jeffrey  Kent;
Jeffrey  Kent;
Jeffrey  Kent;
Jeffrey  Kent;
Jeffrey  Kent;
Jeffrey  Kent;
Jennifer  Jossendal;
Jim  Slowiak;
Jim  Uyekawa;
Jim  Uyekawa;
Jim  Walker;
Joann  Eisberg;
John  Baker;
John  Baker;
John  Baker;
John  Baker;
John  Beneski;
John  Charlesworth;
John  Charlesworth;
John  Cunningham;
John  Douglass;
John  Douglass;
John  Enomoto;
John  Enomoto;
John  Enomoto;
John  Enomoto;
John  Everitt;
John  Gallaher;
John  Janicek;
John  Moliassa;
John  Moliassa;
John  Reed;
Jon  Brotherton;
Joseph  Sierra;
Juanita  Campos;
Julie  Benavides;
Karen  Douglas;
Karen  Douglas;
Karen  Douglas;
Karen  Douglas;
Kate  Greene;
Kathy  Haddad;
Kathy  Haddad;
Kathy  Haddad;
Kathy  Haddad;
Kathy  Haddad;
Kathy  Haddad;
Kathy  Moore;
Ken  Milner;
Kenneth  Hicks;
Kenneth  Loparo;
Kenny  Peters;
Kent  Yager;
Kerry  Marbury;
Kevin  Rahimzadeh;
Kevin  Rahimzadeh;
Kim  Fuji;
Kim  Fuji;
Klaas  Kraay;
Klaas  Kraay;
Klaas  Kraay;
Klaas  Kraay;
Klaas  Kraay;
Konrad  Sadkowski;
L  Assante;
L  Assante;
Lana  Carnes;
Lana  Carnes;
Larry  Hardy;
Laura  Newhart;
Laura  Newhart;
Laura  Newhart;
Lauren  Perdue;
Lauren  Perdue;
Laurie  Iten;
Laurie  Ross;
Leslie  Looney;
Linda  Toth;
Lisa  Kennedy;
Lisa  Kennedy;
Lorelle  Semley;
Lourdes  Espana;
Lourdes  Espana;
Lourdes  Espana;
Lourdes  Espana;
Lourdes  Espana;
Lourdes  Espana;
M  Nunaley;
Maria  Fitzpatrick;
Maria  Fitzpatrick;
Maria  Fitzpatrick;
Maria  Fitzpatrick;
Maria  Fitzpatrick;
Maria  Fitzpatrick;
Marilyn  Knight;
Mark  Damen;
Mark  Damen;
Markus  Schneider;
Martin  Bakker;
Mary  Curtner Smith;
Mary  Phillips;
Matthew  Neal;
McVey;
Meghan  Murphy-Lee;
Melanie  Grosser;
Melanie  Grosser;
Melissa  Lenczewski;
Michael  Arminio;
Michael  Besney;
Michael  Besney;
Michael  Besney;
Michael  Besney;
Michael  Critelli;
Michael  Kwag;
Michael  Martone;
Michael  Martone;
Michael  Rooney;
Michael  Scanlin;
Mike  Dinneen;
Mike  Dinneen;
Mike  Splane;
Mike  Splane;
Mike  Splane;
Mike  Splane;
Mike  Splane;
Mike  Splane;
Mike  Splane;
Mike  Splane;
Mike  Splane;
Monica  Reimer;
Monica  Reimer;
Monica  Reimer;
Monica  Reimer;
Monica  Reimer;
Monica  Reimer;
Monica  Reimer;
Monica  Reimer;
Monica  Reimer;
Mortez  Aabdollah;
Neil  Heywood;
Nina-Nash  Robertson;
Norma  Chase;
Norman  Kinney;
Olga  Piedrahita;
Owen  Mertens;
P  Nicoletto;
Pamela  Jackson;
Pat  Ledbetter;
Pat  Zrolka;
Pat  Zrolka;
Pat  Zrolka;
Patricia  Renick;
Patrick Martin  Petkovich;
Patrick Martin  Petkovich;
Paul  Evoskevich;
Paul  Frishkoff;
Paul  Haynie;
Paul  Pecorino;
Paul  Pecorino;
Paulette  Tandy;
Peter  Conti;
Prakash  Panangaden;
Prakash  Panangaden;
Preston  Allen;
Preston  Allen;
Rachel  Hall;
Rachel  Hall;
Ramin  Zabih;
Ramona  Girdauskas;
Ramona  Girdauskas;
Ramona  Girdauskas;
Randall  Warwick;
Randall  Warwick;
Randall  Warwick;
Randall  Warwick;
Randall  Warwick;
Randall  Warwick;
Randall  Warwick;
Randall  Warwick;
Raymond  Wolf;
Raymond  Wolf;
Reg  Lilly;
Rex  Abert;
Rex  Abert;
Rex  Abert;
Rex  Abert;
Richard  Bodek;
Richard  Burns;
Richard  Burns;
Richard  Burns;
Rick  Olguin;
Rick  Olguin;
Rick  Olguin;
Rick  Olguin;
Rick  Olguin;
Rina  Yarmish;
Rina  Yarmish;
Rina  Yarmish;
Robert  Bender;
Robert  Bender;
Robert  Bender;
Robert  Bender;
Robert  Bender;
Robert  Bender;
Robert  Bender;
Robert  Burton;
Robert  Karpinski;
Robert  Panzarella;
Robert  Panzarella;
Robert  Stecker;
Roberta  Reynolds;
Roberto  Calderon;
Roberto  Calderon;
Roger  Holguin;
Roger  Holguin;
Rose  Vydelingum;
Ruthie  Dare-Halma;
Ruthie  Dare-Halma;
Ryan  William;
S  Fenton;
S.  Geller;
Sandra  Brown;
Sandra  Hampel;
Sandra  Hampel;
Scott  Bergeson;
Scott  Labarge;
Scott  Rose;
Shahinda  Hafeez;
Shahinda  Hafeez;
Shahinda  Hafeez;
Shahinda  Hafeez;
Shahinda  Hafeez;
Shane  Bell;
Shane  Bell;
Shane  Bell;
Sidney E.  Hardyway;
Sidney E.  Hardyway;
Sidney E.  Hardyway;
Sonia  Werner;
Stephen  Hupp;
Stephen  Hupp;
Stephen  Hupp;
Steve  Wilson;
Steven  Schneider;
Sudeb  Mitra;
Sudeb  Mitra;
Sue  Lape;
Sue  Lape;
Sue  Lape;
Sue  Sipple;
Susan  Lindahl;
Susan  Lindahl;
Susan  Lindahl;
Susan  Lindahl;
Susan  Lindahl;
Susan  Lindahl;
Susan  Mulcahy;
Suzanne  Bernhardt;
Tanya  Cassidy;
Theodore  Evergates;
Thomas  Hu;
Thomas  Hu;
Thomas  Hu;
Thomas  Hu;
Thomas  Hu;
Thomas  Schnarre;
Thomas  Schnarre;
Thomas  Schnarre;
Tim  Gongaware;
Tina  Laplaca;
Tina  Laplaca;
Tina  Laplaca;
Tina  Laplaca;
Todd  Ballantyne;
Todd  Ballantyne;
Todd  Ballantyne;
Todd  McGowan;
Tom  Albright;
Tom  Johnson;
Tom  Streeter;
Tony  Hage;
Tony  Hage;
Tony  Hage;
Tosha  Lomask;
Tracy  Chapple;
Tressa  Crehan;
Trish  Root;
Trish  Root;
Trish  Root;
Vanessa  Mitchell;
Vickie  Lair;
Vincent  Delcastillo;
Vincent  Ferraro;
Vo  Liem;
Vo  Liem;
Vo  Liem;
Vo  Liem;
Vo  Liem;
Vo  Liem;
Walt  Thielen;
Walt  Thielen;
Walt  Thielen;
Walt  Thielen;
Walt  Thielen;
William  Brooks;
William  Brooks;
William  Gordon;
William  Masten;
William  Masten;
William  Masten;
William  Ryan;
Xiaoping  Teng;
Y. Peter  Chung;
Y. Peter  Chung;
Yasger;
Yasmin  Villvendas;
Younghe  Kim Park;
Younghe  Kim Park;
Zeynep  Tenger;
E  Lester;
Mike  Splane;
Monica  Reimer;
Richard  Fallon;
Roberta  Reynolds;
Sudeb  Mitra;
Aaron  Kozbelt;
Aimee  Miller;
Aimee  Miller;
Aimee  Miller;
Alan  Kaminsky;
Andrea  Neves;
Andrew  Lesk;
Angelica  Vessella;
Anita  Girton;
Anne L.  Dearing;
April  Haggard;
Arthur  Chapman;
Arthur  Kroker;
Ashraf  Shirani;
Aurora  Wallace;
Barbara  Gfellner;
Bob  Betts;
Bob  Betts;
Bob  Betts;
Bob  Betts;
Bob  Young;
Brett  Tjaden;
Brett  Tjaden;
Brian  Lakey;
Brian  Potter;
Brian  Potter;
Brian  Potter;
Brian  Potter;
Bruce  Arrigo;
Bruce  Martin;
Bryan  Eldredge;
Bryan  Fair;
C  Conrad;
C  Conrad;
C  Hampton;
Camilo  Rojas;
Candice  White;
Carl  Shangraw;
Carole  Waterhouse;
Carolyn  Perry;
Casim  Abbas;
Catherine  Chen;
Chantal  Maille;
Charisse  Coston;
Charisse  Coston;
Charisse  Coston;
Charisse  Coston;
Charisse  Coston;
Charisse  Coston;
Charisse  Coston;
Charisse  Coston;
Charisse  Willis;
Charles  Bahn;
Chris  Boucher;
Chris  Dobson;
Chris  Hoyt;
Christina  Zahajko;
Christopher  Bracken;
Cindy  Herbert;
Clark  Midkiff;
Corinn  Columpar;
Cynthia  Maguire;
Cynthia  Schauer;
Cynthia  Schauer;
Cynthia  Schauer;
Cynthia  Schauer;
Daniel  Fonseca;
Daniel  Fonseca;
Daniel  Fonseca;
Daniel  Kurylo;
Daniel  Reardon;
Daniel  Talham;
David  Brotherton;
David  Gallaher;
David  Gallaher;
David  Gallaher;
David  Hyde;
David  Martin;
David  Rayson;
David W.  Alsop;
Debra  Clarke;
Deirdre  O\' Shea;
Deirdre  O\' Shea;
Deirdre  O\' Shea;
Derick  Holcomb;
Desmond  Harding;
Desmond  Harding;
Desmond  Harding;
Diane  Reid;
Dilek  Sanver-Wang;
Dona  Fletcher;
Doug  Zentz;
Doyoung  Lee;
Doyoung  Lee;
E  Lester;
Edith  Hays;
Eleanor  Branch;
Elizabeth  Bloch-Smith;
Elizabeth  Spievak;
Emily  Johnson-Boyd;
Eric  Ruckh;
Eugene  Cuevas;
Eugenia  Malitsky;
Eugenia  Malitsky;
Everett  Fox;
Filiz  Dogru;
Francis  Catalano;
Francis  Catalano;
Frank  Mitchell;
Fred  Stewart;
Fred  Stewart;
Frederick  Amrine;
Frederick  Amrine;
Gene  Pouncy;
Gerald  Ludwig;
Gerald  Ludwig;
Glenn  Carter;
Glenn  Carter;
Glenn  Carter;
Glenn  Carter;
Glenn  Carter;
Glenn  Carter;
H  Espravnik;
H  Mann;
H  Mann;
H  Mann;
Harry  Meshaw;
Hassan  Qudrat-Ullah;
Hugh  Afshari;
Ian  Wojcik-Andrews;
Ida  Slusher;
Ida  Slusher;
Ida  Slusher;
Imafidon  Olaye;
Imafidon  Olaye;
J  Allen;
Jack  Caravanos;
James  Allard;
James  Allard;
James  Chambers;
James  Tompkins;
James  Tompkins;
Jamie  Mills;
Jamie  Mills;
Jamie  Mills;
Jan  Bittenbender;
Jay  Ko;
Jeff  Lynn;
Jeffery  Zorn;
Jeffrey  Gutliph;
Jeffrey  Kent;
Jennifer  Austin;
Jennifer  Jossendal;
Jessie  Yearwood;
Jessie  Yearwood;
Jim  Burns;
Jim  Burns;
Jim  Mulrooney;
Jim  Uyekawa;
Jim  Uyekawa;
Joann  Hilton;
John  Beneski;
John  Beneski;
John  Beneski;
John  Burk;
John  Charlesworth;
John  Curra;
John  Curra;
John  Enomoto;
John  Eppler;
John  Moliassa;
John  Moliassa;
John  Reed;
John  Reed;
John  Reed;
John  Weigand;
John  Westwater;
Johnetta  Richards;
Joseph  Fruscione;
Joseph  Fruscione;
Juanita  Campos;
Juanita  Campos;
Judy  Berasi;
Julia  Allen;
Julie  Benavides;
Karen  Kaplowitz;
Kathleen  McFadden;
Kathleen  McFadden;
Kathleen  McFadden;
Kathleen  McFadden;
Kathy  Butler;
Kathy  Johnson;
Kathy  Moore;
Kazim  Ruhi;
Kelly  Kadera;
Kenneth  Loparo;
Kenneth  Loparo;
Kenneth  Loparo;
Kevin  Rahimzadeh;
Klaas  Kraay;
Klaas  Kraay;
Konrad  Sadkowski;
Konrad  Sadkowski;
Kristen  Asplin;
Kristine  Fitch;
Kurt  Panter;
Lashun  Griffin;
Lashun  Griffin;
Lashun  Griffin;
Lashun  Griffin;
Lashun  Griffin;
Lashun  Griffin;
Laurie  Iten;
Laurie  Iten;
Laurie  Iten;
Laurie  Iten;
Laurie  Ross;
Laurie  Ross;
Lee  Grenci;
Leonard  Salvo;
Leslie  Looney;
Lisa  Mach;
Lorelle  Semley;
Lourdes  Espana;
Lourdes  Espana;
Lourdes  Espana;
Malcolm  Potter;
Marguerite  Jackson-Jones;
Maria  Fitzpatrick;
Maria  Fressola;
Marilyn  Rose;
Marjory  Saunders;
Mark  Damen;
Mark  Unno;
Mark  Unno;
Mark  Wessel;
Martha  Malaty;
Martin  Bakker;
Martin  Bakker;
Martin  Bakker;
Mary  Anderson;
Mary  Brown;
Mary  Brown;
Mary  Donaghy;
Mary  Phillips;
Mary  Phillips;
Mathew  Horn;
Mathew  Horn;
Matthew  Erdelyi;
Mei-ling  Wang;
Michael  Arminio;
Michael  Besney;
Michael  Blitz;
Michael  Pratt;
Michael  Rooney;
Michael  Rooney;
Michael  Rooney;
Mima  Petrovic;
Moataz  Emam;
Monica  Reimer;
Muhammad  Sharif;
Mustafa  Karakul;
Nancy  Carnal;
Nancy  Jones;
Norman  Kinney;
Nyenty  Arrey;
P  Hinkle;
Pamela  Jackson;
Pat  Ledbetter;
Patrick  Hersey;
Paul  Haynie;
Paul  Pecorino;
Paul  Pecorino;
Paul  Pecorino;
Peggy  Maher;
Peter  Kuhlman;
Peter  Pezzolo;
Phil  White;
Philip  Burge;
Philip  Rothschild;
Philippe  Bossaers;
Phyllis  Hirsch;
Prakash  Panangaden;
Prakash  Panangaden;
Preston  Allen;
Preston  Allen;
Preston  Allen;
R. Gholam  Ghorashi;
R. Gholam  Ghorashi;
Rachel  Edelson;
Rachel  Hall;
Rachel  Hall;
Rex  Abert;
Rex  Abert;
Richard  Bodek;
Richard  Gendron;
Richard  Gendron;
Richard  Travisano;
Richard  Travisano;
Rick  Repetti;
Rina  Yarmish;
Rita  Sowell;
Robert  Burton;
Robert  Burton;
Robert  Lecker;
Robert  Lecker;
Robert  Ware;
Roberto  Calderon;
Roger  Strong;
Roger  Strong;
Roger  Strong;
Roger  Strong;
Ronald  Weber;
Rosanne  Lorden;
Ruthie  Dare-Halma;
S  Fenton;
S  Fenton;
Sariwan  Tjandra;
Sariwan  Tjandra;
Scott  Bergeson;
Scott  Peters;
Scott  Peters;
Scott  Peters;
Scott  Rose;
Sebastian  Bartos;
Shahinda  Hafeez;
Shahinda  Hafeez;
Sheryl  Gifford;
Sheryl  Gifford;
Sheryl  Gifford;
Simon  Koumjian;
Stephen  Timmons;
Stephen  Timmons;
Steve  Gruenert;
Steve  Wilson;
Sudeb  Mitra;
Sue  Davis;
Susan  Mulcahy;
Susan  Sailors;
Tabitha  Sparks;
Ted  Magder;
Theodore  Zeman;
Thomas  Boyle;
Thomas  Cooke;
Thomas  Schnarre;
Thomas  Schnarre;
Thomas  Schnarre;
Timothy  McCauley;
Timothy  McCauley;
Todd  Ballantyne;
Todd  Ballantyne;
Tom  Johnson;
Tony  Hage;
Tracey  Francese;
Tracey  Johnston;
Tracy  Morkin McGill;
Tracy  Morkin McGill;
Tracy  Morkin McGill;
Trent  Snider;
Udeme  Ndon;
Vickie  Lair;
Vo  Liem;
Weinberger;
Wendy  Ho;
Wendy  Ho;
Wendy  Ho;
William  Brooks;
William  Brooks;
William  Brooks;
William  Gordon;
William  Gordon;
William  Hollinrake;
William  Smith;
Xiaoping  Teng;
Younghe  Kim Park;
Zeno  Swijtink;
Alexandre  Avdulov;
Anne  Ramirez;
Ashraf  Shirani;
B.R.  Smith;
Blake  Sorem;
Bob  Nelson;
Bob  Young;
Brandie  Siegfried;
Brett  Tjaden;
Bryan  Eldredge;
C  Conrad;
Casim  Abbas;
Catherine  Chen;
Catherine  Chen;
Catherine  Chen;
Charles  Kelley;
Chris  Boucher;
Chris  Dobson;
Chris  Dobson;
Chris  Hoyt;
Chris  Husbands;
Christine  Jackson;
Cynthia  Schauer;
Cynthia  Schauer;
Daniel  Talham;
David  Gallaher;
David  Perkins;
Edward  Wong;
Edward  Wong;
Edward  Wong;
Effie  Cochran;
Elizabeth  Spievak;
Ellen  Knapp;
Fred  Ream;
Frederick  Amrine;
G. Creighton  Frampton;
Glenn  Carter;
H  Mann;
Ian  Short;
Ian  Spears;
Israel  Abramov;
J  Espey;
James  Tompkins;
Jennifer  Jossendal;
Jennifer  Spock;
Jim  Burns;
John  Beneski;
John  Burk;
John  Corvino;
John  Douglass;
John  Douglass;
John  Douglass;
John  Nelson;
John  Reed;
Jonathan  Caspi;
Julia  Scott;
Karen  Carr;
Karen  Carr;
Karen  Douglas;
Kathy  Johnson;
Kelly  Kadera;
Kelly  Kadera;
Laura  Colbert;
Laura  Shrum;
Lauren  Perdue;
Laurie  Iten;
Laurie  Ross;
Linda  Shelton;
Lisa  Robson;
Louvincy  Brown;
Marguerite  Jackson-Jones;
Martin  Bakker;
Martin  Bakker;
Martin  Bakker;
Mary  Brown;
Mary  Phillips;
Mathew  Horn;
Michael  Blitz;
Mitchell  Snay;
Mitchell  Snay;
Nancy  Eng;
Norman  Spivey;
Nukte  Edguer;
Patrick  McMullen;
Phil  White;
Philippe  Bossaers;
Preston  Allen;
Richard  Gendron;
Ricki  Heller;
Ron  Cameron;
Rosanne  Lorden;
Ruthie  Dare-Halma;
Shane  Bell;
Sidney E.  Hardyway;
Sudeb  Mitra;
Sue  Davis;
Sue  Lape;
Susan  Larkin;
Ted  Tarkow;
Terry  Moran;
Theodore  Zeman;
Thomas  Cooke;
Thomas  Hu;
Thomas  Madden;
Todd  Feil;
Traci  Green;
Travis  Langley;
Travis  Langley;
Tulasi  Joshi;
Wendy  Untereiner;
William  Brooks;
Younghe  Kim Park;
Aaron  Fogel;
Aaron  Fogel;
Aaron  Kozbelt;
Abi  Awomolo;
Aimee  Miller;
Aimee  Miller;
Alan  Kaminsky;
Alan  Kaminsky;
Alexandre  Avdulov;
Allan R  Baer;
Allen  Crocket;
Andrew  Irvine;
Andrew  Lesk;
Andrzej  Czajkowski;
Andrzej  Czajkowski;
Andrzej  Czajkowski;
Andrzej  Czajkowski;
Anita  Girton;
Anne  Ramirez;
Anne L.  Dearing;
Annie  Gilson;
Anthony  James;
Anthony  James;
Anthony  James;
Ashraf  Shirani;
Bill  Hodges;
Bingwu  Wang;
Bob  Baugher;
Bob  Baugher;
Bob  Betts;
Bob  Betts;
Bob  Young;
Brandie  Siegfried;
Brian  Potter;
Brian  Potter;
Brian  Potter;
Brian  Potter;
Bruce  Hammond;
Bruce  Martin;
Burlon  Wilkerson;
C  Conrad;
Candice  White;
Candice  White;
Carl  Shangraw;
Carl  Shangraw;
Carol  Topping;
Carole  Waterhouse;
Casim  Abbas;
Casim  Abbas;
Catherine  Chen;
Chantal  Maille;
Charles  Kelley;
Charles  Kelley;
Chris  Dobson;
Chris  Dobson;
Christina  Zahajko;
Christina  Zahajko;
Christine  Jackson;
Christine  Jackson;
Christine  Jackson;
Cindy  Herbert;
Clark  Midkiff;
Corinn  Columpar;
Craig  Estep;
Craig  Stettner;
Cynthia  Maguire;
Cynthia  Schauer;
Cynthia  Schauer;
D  Warner;
Daniel  Kern;
Daniel  Reardon;
Daniel  Talham;
Daniel  Talham;
David  Brotherton;
David  Martin;
David  Martin;
David  Martin;
David  Perkins;
David  Tindall;
Dean  Karras;
Deb  Dunbar;
Denine  Dumschat;
Dennis  Dipert;
Dennis  Richardson;
Dennis  Richardson;
Dennis  Richardson;
Desmond  Harding;
Diane  Reid;
Dilek  Sanver-Wang;
Dilek  Sanver-Wang;
Dona  Fletcher;
Duo  Zhang;
Edith  Hays;
Edith  Hays;
Edward  Wong;
Edward  Wong;
Edward  Wong;
Edward  Wong;
Eleanor  Branch;
Elizabeth  Salter;
Elizabeth  Salter;
Elizabeth  Spievak;
Eugenia  Malitsky;
Ewa  Wasilewska;
Filiz  Dogru;
Filiz  Dogru;
Frank  Foster;
Frank  Tsui;
Fred  Stewart;
Freda  Decerbo;
Frederick  Kaufman;
Gay  Sweely;
Geri  Olson;
Glenn  Carter;
Glenn  Carter;
Glenn  Carter;
Glenn  Carter;
Glenn  Carter;
Glenn  Carter;
Greg  Detweiler;
H  Espravnik;
H  Henson;
H  Lawson;
H  Mann;
H  Mann;
Ian  Gellatly;
Ian  Spears;
Ian  Wojcik-Andrews;
Ian  Wojcik-Andrews;
Imafidon  Olaye;
Ioannis  Psaromiligkos;
J.  Weathers;
James  Allard;
James  Allard;
James  Worley;
Jamie  Mills;
Jans  Wager;
Jason  Sloan;
Jeffrey  Kent;
Jennifer  Spock;
Jennifer  Spock;
Jessica  Wyman;
Jim  Uyekawa;
Jim  Walker;
Jj  Wilson;
John  Bryden;
John  Burk;
John  Burk;
John  Constantino;
John  Enomoto;
John  Moliassa;
John  Reed;
John  Reed;
Johnetta  Richards;
Jon  Fisher;
Joseph  Fruscione;
Joseph  Sierra;
Julia  Allen;
Julia  Allen;
Karen  Douglas;
Karen  Douglas;
Kate  Greene;
Kathleen  McFadden;
Kathleen  McFadden;
Kathy  Haddad;
Kazim  Ruhi;
Kelly  Kadera;
Kelly  Kadera;
Kelvin  Jasek-Rysdahl;
Kevin  Kourey;
Kevin  Rahimzadeh;
Klara  Gubacs-Collins;
Konrad  Sadkowski;
Kristen  Asplin;
Kurt  Panter;
Lashun  Griffin;
Lashun  Griffin;
Lauren  Perdue;
Laurie  Iten;
Lee  Grenci;
Linda  Shelton;
Liz  Dameron;
Lourdes  Espana;
Lourdes  Espana;
Lourdes  Espana;
Lourdes  Espana;
Lourdes  Espana;
Lynn  Zeigler;
Malcolm  Potter;
Malcolm  Potter;
Marc  Stern;
Margaret  Mitchell;
Marguerite  Jackson-Jones;
Maria  Fressola;
Maria  Fressola;
Marilyn  Knight;
Marilyn  Knight;
Marilyn  Rose;
Marjory  Saunders;
Mark  Unno;
Mark  Unno;
Martha  Browne;
Martin  Bakker;
Martin  Bakker;
Martin  Bakker;
Martin  Bakker;
Marvin  Payne;
Mary  Curtner Smith;
Mary  Phillips;
Mary  Phillips;
Mathew  Horn;
Matthew  Erdelyi;
Meghan  Murphy-Lee;
Michael  Blitz;
Michael  Blitz;
Michael  Critelli;
Michael  Scanlin;
Mike  Dinneen;
Mimi  Fagan;
Muhammad  Sharif;
Ned  Barden;
Norbert  Bartel;
Nukte  Edguer;
Nyenty  Arrey;
Pamela  Jackson;
Parris  Powers;
Pat  Ledbetter;
Pat  Ledbetter;
Pat  Ledbetter;
Pat  Ledbetter;
Pat  Ledbetter;
Paul  Bush;
Paulette  Tandy;
Penny  Foster;
Peter  Conti;
Peter  Conti;
Peter  Geib;
Peter  Kuhlman;
Phil  White;
Prakash  Panangaden;
Preston  Allen;
R. Gholam  Ghorashi;
Radhika  Parameswaran;
Raminder  Luther;
Raminder  Luther;
Ramona  Girdauskas;
Ramona  Girdauskas;
Randall  Warwick;
Rebecca  Laidlaw;
Reg  Lilly;
Rex  Abert;
Richard  Bodek;
Richard  Burns;
Richard  Curtis;
Richard  Curtis;
Richard  Curtis;
Richard  Doctor;
Richard  Shanks;
Robert  Dinero;
Robert  Stecker;
Robert  Stecker;
Roberta  Reynolds;
Roberto  Calderon;
Roberto  Calderon;
Roger  Strong;
Roger  Strong;
Roger  Strong;
Ron  Cameron;
Ronald  Goldsmith;
Ronald  Weber;
Ruthie  Dare-Halma;
Sally  Paulson;
Sandra  Clark;
Sariwan  Tjandra;
Sariwan  Tjandra;
Scott  Bergeson;
Scott  Bergeson;
Scott  Peters;
Scott  Peters;
Scott  Rose;
Shahinda  Hafeez;
Shane  Bell;
Shannon  Gadbois;
Sheng  Zhang;
Sherry  Rising;
Sheryl  Gifford;
Sheryl  Gifford;
Sheryl  Gifford;
Sheryl  Gifford;
Sheryl  Gifford;
Sidney  Burks;
Stafford  Rorke;
Stephen  Timmons;
Stephen  Timmons;
Stephen  Timmons;
Steve  Renton;
Steve  Wilson;
Sudeb  Mitra;
Sue  Lape;
Susan  Sailors;
Susan  Sailors;
Tabitha  Sparks;
Terry  Moran;
Theodore  Evergates;
Therese  Saliba;
Thomas  Cooke;
Thomas  Hu;
Thomas  Schnarre;
Thomas  Schnarre;
Tim  Gongaware;
Tim  Wandling;
Timothy  McCauley;
Timothy  McCauley;
Todd  Ballantyne;
Tony  Hage;
Traci  Green;
Tracy  Morkin McGill;
Tracy  Morkin McGill;
Tracy  Morkin McGill;
Trent  Snider;
Val  Wilson;
Vanessa  Mitchell;
Vicente  Lombrana;
Vickie  Lair;
Vida  Praitis;
Vincent  Delcastillo;
Vladimir  Tulovsky;
Vo  Liem;
Weinberger;
Wendy  Ho;
Wendy  Ho;
William  Brooks;
William  Brooks;
William  Brooks;
William  Masten;
William  Masten;
Y. Peter  Chung;
Yasger;
Younghe  Kim Park;
Aimee  Miller;
Andrzej  Czajkowski;
Andy  Katz;
Anita  Girton;
Anne L.  Dearing;
Anne L.  Dearing;
Anne L.  Dearing;
Anne L.  Dearing;
Anthony  James;
Anwarul  Haque;
Bennie  Perdue;
Bob  Young;
Brad  Hann;
Brian  Potter;
Brian  Potter;
Bruce  Martin;
Candice  White;
Cathy  Stephan;
Charisse  Coston;
Charles  Kelley;
Christina  Zahajko;
Christopher  Bracken;
Craig  Stettner;
Craig  Stettner;
Craig  Stettner;
Cynthia  Schauer;
David  Perkins;
Debra  Clarke;
Deirdre  O\' Shea;
Dilek  Sanver-Wang;
Dorathea  Halpert;
Doyoung  Lee;
Doyoung  Lee;
E  Lester;
Elizabeth  Spievak;
Elle  Feth;
Elle  Feth;
Eugene  Cuevas;
Eugenia  Malitsky;
Eugenia  Malitsky;
Ewa  Wasilewska;
Frank  Tsui;
Gene  Pouncy;
Gerald  Ludwig;
Harihar  Khanal;
Heather  Albanesi;
Ian  Wojcik-Andrews;
Ida  Slusher;
Ida  Slusher;
James  Chambers;
James  Tompkins;
James  Tompkins;
Jim  Burns;
Joann  Eisberg;
John  Beneski;
John  Beneski;
John  Curra;
Johnetta  Richards;
Jonathan  Anning;
Jonathan  Caspi;
Joseph  Davidson;
Karen  Douglas;
Kathleen  McFadden;
Kathleen  McFadden;
Kathy  Moore;
Kathy  Moore;
Kelly  Kadera;
Kurt  Panter;
Lashun  Griffin;
Lauren  Baumbach;
Lena  Usyk;
Maria  Fressola;
Mary  Brown;
Matthew  Erdelyi;
Max  Smith;
Michael  Arminio;
Michael  Arminio;
Michael  Critelli;
Neil  Heywood;
Norma  Manatu;
Pam  Pruett;
Pat  Ledbetter;
Peter  Jurs;
Phil  White;
Phil  White;
Philippe  Bossaers;
Phillip  Anz-Meador;
Priscilla  Underwood;
Rajendra  Raj;
Rex  Abert;
Rina  Yarmish;
Rita  Sowell;
Ronald  Goldsmith;
Ronald  Weber;
Ruthie  Dare-Halma;
Ruthie  Dare-Halma;
Ruthie  Dare-Halma;
Ryan  Meany;
Scott  Peters;
Seongeun  Kim;
Terry  Adams;
Theodore  Zeman;
Thomas  Hu;
Tony  Hage;
Val  Wilson;
Vanessa  Mitchell;
Vo  Liem;
Wendy  Untereiner;
William  Hollinrake;
Yousif  Shamoo;
Aimee  Miller;
Aimee  Miller;
Alan  Kaminsky;
Alan  Kaminsky;
Bob  Broderick;
Bruce  Roter;
Catherine  Chen;
Catherine  Chen;
David  Perkins;
Doyoung  Lee;
Doyoung  Lee;
Elizabeth  Spievak;
Ewa  Duma;
Frank  Tsui;
Ian  Gellatly;
Jay  Ko;
Jessie  Yearwood;
Kurt  Panter;
Lauren  Perdue;
Lauren  Perdue;
Lynn  Zeigler;
Maria  Fressola;
Max  Smith;
Paul  Pecorino;
Phil  White;
Prakash  Panangaden;
Prakash  Panangaden;
Priscilla  Underwood;
Rex  Abert;
Richard  Wilkins;
Ronald  Weber;
Sebastian  Bartos;
Sudeb  Mitra;
Sue  Davis;
Suzanne  Bernhardt;
Tomoko  Deguchi;
Val  Wilson;
Vo  Liem;
Younghe  Kim Park;
Aimee  Miller;
Aimee  Miller;
Andrzej  Czajkowski;
Anita  Girton;
Anne L.  Dearing;
Anne L.  Dearing;
Anne L.  Dearing;
Ashraf  Shirani;
B.R.  Smith;
Beryl  Kalisa;
Betty  Zacate;
Bob  Betts;
Brett  Tjaden;
Charisse  Coston;
Charisse  Coston;
Charles  Kelley;
Chris  Boucher;
Chris  Boucher;
Chris  Dobson;
Chris  Dobson;
Chris  Dobson;
Christopher  Bracken;
Courtney  Fairweather;
Daniel  Kurylo;
David  Gallaher;
David  Perkins;
Derek  Eberts;
Douglas  Johansen;
Doyoung  Lee;
Emily  Blanck;
Emily  Blanck;
Eugene  Cuevas;
Fred  Smoler;
Fred  Stewart;
G. Creighton  Frampton;
Glenn  Carter;
H  Mann;
Hassan  Qudrat-Ullah;
Heather  Albanesi;
Ian  Spears;
Ian  Spears;
Ida  Slusher;
Ida  Slusher;
Imafidon  Olaye;
Irv  Englander;
Israel  Abramov;
James  Allard;
James  Tompkins;
Jay  Ko;
Joann  Eisberg;
John  Beneski;
John  Beneski;
John  Curra;
John  Douglass;
John  Douglass;
Joseph  Sierra;
Kathleen  Sinning;
Kathy  Moore;
Konrad  Sadkowski;
Laurie  Iten;
Liz  Dameron;
Mark  Bryan;
Mark  Unno;
Martha  Malaty;
Martin  Bakker;
Mary  Brown;
Mary  Winn;
Mary  Winn;
Mathew  Horn;
Mathew  Horn;
Matthew  Erdelyi;
Max  Smith;
Max  Smith;
Michael  Chaney;
Muhammad  Sharif;
P  Nicoletto;
Paul  Pecorino;
Paul  Pecorino;
Paulette  Tandy;
Penny  Foster;
Radha  Narumanchi;
Ramona  Girdauskas;
Rex  Abert;
Robert  Burton;
Robert  Edwards;
Ronald  Weber;
Roseanne  Mirabella;
Sandra  Clark;
Sheng  Zhang;
Stephen  Timmons;
Thomas  Hu;
Timothy  McCauley;
Tracy  Morkin McGill;
Tracy  Morkin McGill;
Tracy  Morkin McGill;
Tyler  Spalding;
Aimee  Miller;
Aimee  Miller;
Aimee  Miller;
Alvin  Snadowsky;
Anne L.  Dearing;
Barbara  Gfellner;
C  Conrad;
D  Estes;
Darlene  Schoenly;
Ida  Slusher;
Ida  Slusher;
Israel  Abramov;
James  Allard;
Jennifer  Austin;
John  Beneski;
Joseph  Davidson;
Karen  Douglas;
Ken  Sumner;
Max  Smith;
Michael  Arminio;
Monica  Reimer;
Nukte  Edguer;
Phil  White;
Thomas  Madden;
Tomoko  Deguchi;
William  Hollinrake;
Anne L.  Dearing;
Clark;
Cynthia  Schauer;
John  Beneski;
Lashun  Griffin;
Mustafa  Karakul;
Paul  Pecorino;
Ruthie  Dare-Halma;
Aimee  Miller;
Betty  Zacate;
Blake  Sorem;
Bruce  Hammond;
Carl  Shangraw;
Cynthia  Maguire;
Harihar  Khanal;
Judy  Adams;
Kelly  Kadera;
Larry  Hardy;
Susan  Young;
Tracy  Morkin McGill;
Alan  Kaminsky;
Brandy  Zito;
Brian  Potter;
Bruce  Hammond;
Chris  Boucher;
Doyoung  Lee;
Ian  Wojcik-Andrews;
Jeffrey  Gutliph;
Jennifer  Jossendal;
John  Halfman;
Judy  Adams;
Kenny  Peters;
Kenny  Peters;
Kenny  Peters;
Kenny  Peters;
Kevin  Kourey;
L  Stephens;
Leon  Stokesbury;
Linda  Shelton;
Martha  Browne;
Martha  Browne;
Martha  Browne;
Mary  Shea;
Michael  Rooney;
Phil  White;
Rex  Abert;
Robert  Lecker;
Todd  Ballantyne;
Traci  Green;
Younghe  Kim Park;
Younghe  Kim Park;
